address,scores
0x0d836b4b2d6ff7c317a11624017084e9888605fe,65.0
0x4821ce4474276278b71a404ff7036b5046340c91,0.0
0x0abad67a28cf381bb6dee73df9b285845ac561fe,0.0
0x4f3e8913185594d5e9735c5aa9cae9dea9312b24,100.0
0xfb82672df014d5bd33f58a2902484f592e72e042,0.0
0xa682c88ee0aa7e6f47d9219c1c44c0504d1663b7,38.0
0xa8b484814de1cc58f89fce9d4490405dac1e2cd5,99.0
0x07c58d96a387ebecb54ae63b4c197bf49b89af69,97.0
0x55885423e0269704b319b15d145bc6b18884aeb3,2.0
0x6f9efe407a43d67e13833a8fd67b6c522550abb7,0.0
0x1b0313f8d278f8e38ffe1fb8ab3c9d913676ead1,0.0
0xdf36f90b1a2f21a422e2d445dc42793ef172cc99,0.0
0x4184193f99d354857da3507ad0f03c081215eb2b,1.0
0xa78b947fcdeca8770d577c7e242c0b4bd0ca572f,0.0
0x20abdb1e68f89574e7c9d46314dbffcb9376f780,0.0
0x4965b82016f318acd25ae66db787fb41ab94c06b,0.0
0x68543de4789e7e1632e04905d2e7f16d72e44f03,0.0
0xfde4549ffb75e71d2d11711baefbe063a8433217,0.0
0x71a70e646b3898dd058b4a7b82844bc48cf2c8fd,20.0
0xaa683b6be4300e994b63f864b024b3c66516b3da,100.0
0x4110e504ae578ea7053e765ca9b79c1224c05a50,0.0
0x1491b93d5c92b4d01ef6fb4c0a047eb76ad33e42,0.0
0xc1ce482058d84afda55664937f39aa882c6722f3,5.0
0x673d1a2acf7cfae331456ae479fed4cd65dafdf8,0.0
0xf3147df6b04323aecdf891463827b9ff2f4ff111,99.0
0x99935d0a96716341769cc090d13af4a332b9b4ae,0.0
0x6f7a00150a2da020faa93adb6359051710c367e7,0.0
0x64e50c56839c29866d69fc43ce626e7ef42c8b27,0.0
0xaee1ef0cb6a4b07099d1a7396eaea3a9bec6299f,0.0
0x5e1be6f289de619a0884a5048c3b86b3e5a5b3fd,0.0
0x655f3b286a952ec5cc0744724507acf9f3e0d58a,0.0
0xc0fd6ff0fa5b3da3b2ed6c3af5277d756696c103,0.0
0x72f9dd1ed5f3a55f654d6334f0d12718d4385eb5,0.0
0x759a46f2f2e6e96a42d21325872680bbbf610228,0.0
0xf3de96dd26847d877960736e426e2d852b6765f4,2.0
0x7a8ccd54830c3fbc0e1022211028ef719e504944,26.0
0xfe90aabbb36723dd49f3e3d0dba98354a24aeffc,0.0
0x82451688c2774e653f4affd13ac5d7712a807727,31.0
0x433368d6ced6e2825a255359ae38620d837e984c,0.0
0x6d2da3ed8e66f8cd1a75d5afee8ac5abef0d93e6,0.0
0x7a7d1b803cbaadbbc390ff0b0e3daa23fa3ae41b,1.0
0xe8ff7381e13d208067fa6a33c5162e678449e0a5,0.0
0x424a7d44fb507271ee91f9beb7c3aebe85daaefa,0.0
0x3a72de0b99cb8574e22686a3aad44c0e091da342,6.0
0xca575908473bc7c73ecdb45c6779d82497cfdcd7,99.0
0x922de307cda0128ef1470429de83df08274c9f0e,1.0
0xd08a3eb65388336c8ee515bfb50599d0681afe3a,2.0
0x72a8e635cdb8532d42aaf1aaa716ac8a417b02f7,0.0
0xd308012288fa2bbd4dfabbae6842dcdd9b483bfc,1.0
0x55fa97dc65e2f260d3d25be32e2e7dc76cfc2d33,0.0
0xe04cdf6078d687f099c5d5132a0d6743837e53b5,0.0
0x03c34a34bc75b101c1d95f19057727117ec6df98,0.0
0x9360cc3f5ca500f51480ef3c5b3de5711e165c1a,0.0
0xac0ae6063fb4f28bd2aab63b27343b00b0f9f68b,0.0
0x99cb549e80f4136645a0f74103a2bed5fa9bce81,16.0
0x3d241e45f8b50de4f8d1a9250eddcf67bdc3db51,0.0
0xe95da699560a9d67abd04464bb35484f98aab3f2,0.0
0xba9b3873d63c75001fee2f7d73d074272f468835,1.0
0x54bad9502e9cb1694f699d283ed6ba4bce87d705,0.0
0xab96b05f6acbe141f681dbccc6527d07f024c882,0.0
0x5adff0fa88e8c927a11b0b784f7f77d9b57d4da3,0.0
0x944d4ced64452ea022c11d01a5df06eeac54271a,0.0
0xf391414167776f12e67b0a44ca8884b45b6c391f,10.0
0x7226ebfa9cb3faf1f3747526d6acdcccd062fc03,0.0
0xace9e2ff472ac0e83e231c58ccc7a3dec5b165cc,0.0
0x96876edfbc4431b2bd848e16f631d4a7bcd09cba,0.0
0x595750d47c3be1cffe6c0190c82cbb6f405c5da7,13.0
0x70a1d377ccdb77d7e7d147afc0ce42b792140fa0,0.0
0x7785c921d4af55548185f8e241e89285bc8a5ac9,0.0
0xf024f482129d1b007477e4b99be600f33774821f,3.0
0x6a5aeeac39162eb62ab292c786faada9953978ec,0.0
0x3553720a924f17d24a84259aaf1d47549382d776,0.0
0xe56332fb2fb0e023199f2adde7fa0843e176dcc0,0.0
0x627bf4dc66dfd180479e01b9e9ba844732d7f2a4,0.0
0x1b7612547a5d16c5772ab34dbafee717e2284d1c,0.0
0x2d879845676a1dc0f2312d7435b663495bc12a55,3.0
0x8e351ed3e8bc3562a4eef38f30a3c1e0c7498574,86.0
0xe5d93b25cdb8eee5868d9c1eb398fa962301678f,0.0
0x77d429832a8b9ccbf216fb737aa359e2184fadb2,0.0
0xe8bfcc7f9fd5424c1158cec67ce3850bf4e71305,0.0
0xfef00dc03579aff5e8f412063c3f4e68c803bcf4,0.0
0xb6ae40ca96c0cedc7bbc2c02528c7412c263fb73,99.0
0x4ee910309ad65af5cc4605dd02c1eb6a97ab6b95,29.0
0x1f480edfa29b40122bd44d9f7cfcb4f593872622,0.0
0x0a01d97d2085a16ddb2532bb865f658076d20044,0.0
0x7a4f7d197a0bfb28890e5da58af5e573a13f2dee,0.0
0x37504aba2ea0312ffec8020d6ef9f8e3abba22a1,0.0
0xfccd54f99202e61c4e1c822b35f7f25f48977d87,0.0
0x0dbee30771d907e1cdd32c14e67704e0433d6daa,0.0
0xe7cf8fce5e83e07e56e2ebfeb7651f459c47217b,100.0
0x686ec32c61ae7d3ff16e26403ebea633274cdfb9,99.0
0x4782fb2ca42e4837befa4cbab0d62202d0c032c4,30.0
0xcfd6dfbb06bd6e7f6253bf3657333658ab0d183f,0.0
0x2f5cc8aa4b61eff5fa36c7568a2a54203a94f170,0.0
0xc3e8ac233f02d13c1e299e47ae230c205e0177ed,44.0
0xf535b2bd5332b4c5e1e44e2c3f039a4ae7da15a4,26.0
0x941040279e25b88cd346c5e92d4d98d3f6e173b5,0.0
0x833f1f7b3c613b95c10559259d89ab1c57e40137,0.0
0xfb7143db264d0a25fca47772a35b52f4605072a5,6.0
0x7fbc8f6c4579f39419fc1edad2ed4093e6c5e3df,31.0
0xa4cf079553356ff40c0cb3b9f8f5d8554cc3566c,0.0
0x269beef012a1c8cfac299ce71a096b6f1bcd6df8,86.0
0x57f047faa7709736300e5064070c0c28cbdc683d,0.0
0xc19faf20bc5c596d9418bb9e971798ae50327bdb,0.0
0x11e55235f643ab7589d9ff03729a7508fb3d060d,0.0
0x8bdff0be26897de86cecead2e8c9317df5078642,0.0
0x61ee3ca7448fb3c096729b58c536b1f310e34607,0.0
0x50d66102300fcc5998d6e60bcf55c40e244170f1,0.0
0xa775f17fbc3c0a8f854217a7772f2486c44da00e,0.0
0xfaaf503f82e03d13f5c56ebe194da3c7abfd57ae,4.0
0xc075d2d5f374d6ea2e960dd2eb9f3bb527083c97,0.0
0x6c088d4898f5a584f21c9bc68855fb4de84f26cb,3.0
0x639a239eba084bf3ec01ae62ad1be4a540bf0d02,0.0
0x382a57c0e6a2f8a9522c67d02250184aaa18305b,0.0
0xb25a59ca365cd4e37077577327242d4057ed355a,5.0
0x32c407ba581d10f48a85d7817372ff2d8f531012,0.0
0xa9b3a6c160e1910d3c66d15b9f1ae7f8aa1e31a5,13.0
0x30a17a5c818546a400789a9e334e8d04cd0a54a3,0.0
0x426006904582f279e6214eef67ff10f6f1bf634f,0.0
0x787a065e9633c92792d33bc50a1dc8d6b3d1c51d,3.0
0x15cd470e61bc023d60863aa351cde0a2c345e404,1.0
0xa6c390e37d4ef8a9d7ca5bc211168e9f99962034,0.0
0x2fd357efecc322a35afddc824e252fa05ef48920,0.0
0xb8463d2efd18c559d93dde3f74e2e094f2974c75,33.0
0xc7745cc12b93b56f3d1a1c6b08359b7a46734d69,26.0
0x9ae328eaf92e1898a2517946a8afa83919d91a23,0.0
0x1a3791265da61e5bc1edc06feaeb764b4e1163f8,0.0
0xfc6fc698a19f95832ecee8cdb9e55cb8f475a6e8,5.0
0x17e48dc273a96cc6e48920b78d3b1f22463ec2e5,0.0
0x96096a033439db58edc6217c07b4debf8bf541ef,0.0
0xdf117a4ab90598f35599980359500d968941f248,32.0
0xf05a1e5dd1c0adfaacc0d8d3f38e2061cb0d907e,0.0
0xd9b0d004e80a17bb4373648ce640a65e94b6ac8d,99.0
0x090f0c594f6a091adf6e8a2d5f542c393dda2bcc,1.0
0xbb4d7477a43e26328cf4cb811dcd6d03e6965786,0.0
0x46c6e497ac3c56bca9a8ced567170dc917e49c77,1.0
0x44e29d523c702c364a36657e3dc049af623e5fb7,0.0
0x85b7d4582df400812b7834dc358d46406b4d3128,0.0
0x65bf1f5db5817658d24c8a23776284118615b0e1,0.0
0x3d3f1abfbee48737cfbecb89857e704aa39b36bd,5.0
0x5845f5d929635110c36c4dbbc8329943a762fb7d,27.0
0x8f63d7dd6a3f5938616ef06016bbf25bd6023315,0.0
0x4094aac19b22b7294d83e04a3b831b5b38e60a3e,0.0
0xf7ed167c5a9b99b8eaa18e08619de6909a5c5acf,0.0
0xe88c988034d9a7aa063948098845e4e324a9f161,7.0
0x14be9cd5e497d9d153bf02ec8566e90a01f4b51b,0.0
0xa9c305522abf3b797d21967c5ce2d12a2cd44c52,0.0
0x6e2fdf98d08a0fb82063b5d4aac02e9bc667b3a1,4.0
0xb4a5679b8b49f325b7556467dcdc7a2d53ecd90f,0.0
0xa9fff55eea02c4d889d8fe7cd6eabd8dfa4a4eeb,26.0
0x90f52bbc9934827b910a1a6b9b7ba1a1598d1fa6,0.0
0x5beb35bddb47c99bf45f62b01ae0294be9d1cdd6,3.0
0x49e56dbc08345d2d925418acb3e4fcdeed310b26,1.0
0x2ba351f0169ef50953dad73ad4a05db36a113e68,0.0
0xf05ddcaa3f64bf28b2e296aa45625b7eed4b0092,0.0
0x8e8fb5e4268e4b99992a2604bfc260440550ae85,36.0
0x855ec14114b27cbc0fd56d6db4289d01352a8234,0.0
0x50c28a42ac91f6e6437a036d320c9242432cce3f,56.0
0x3005f7c8f2fd8455b3671035c84eca47eb23a539,0.0
0x17b6803da7dbb9907d0ecc82c94f59ab8f2bf803,0.0
0x789a977795c727567e089625df0a67fb0b23a29d,100.0
0x1cb4208c9c043a0d7e0c11c9c5857bc840a4d5b6,1.0
0x8743741b752b671a966a431060a61be144b17ed2,0.0
0x88eb6a92e7b736a96ea0922f37cc8bc8076077a4,96.0
0xda82900452ddc11bbe9604a1a68ddb09c8ffca53,29.0
0x2e373c65403dc176b0f7e8a6c0a8e1fc34d28870,0.0
0xa03586ec40d700f5da75ad628023baff1c4a67b2,0.0
0x07df8dee732e23c99192ea87cf9ff35a814e3b0d,0.0
0x9c9d86fab2d885c28b2932afe024de93e3e1ead6,0.0
0xa899dab1785e228826d27451a9f77e8fd5569bcf,1.0
0x4c54be74ab209ae8063d7c6f3d98bc32ac18c9fb,7.0
0x95c0e9b133fd3637813b632d24e871b05a786068,1.0
0x88fd3d3129deabac5300a235e1e709cd54f7c2fc,0.0
0x6a7bf39c7c539776a9c0a60b60a89c59122ee55d,0.0
0x170e594bc2999be641c5f3ed338127d3cda3a8cd,0.0
0xc880c4016b95d9fa14edf29fd189053bb41b60c3,1.0
0xdb2ded5fa18d1283e194e0963cb210638cfd2aac,2.0
0x749d0217978a92bbd5b6a3899d47857ecee1aefb,23.0
0x2ce19b88b1407a30526b349505468ca9376ddadb,94.0
0x68876474a30aafedc1ca51bf5358e0a614d85f96,83.0
0xc1b5ffccd461f6e324b4438668ea626b9b007beb,0.0
0x885dcaa737c10eeebc4d6fd5f89aa8b474a1d9a0,2.0
0xc6762bc87f97476e64646af53fc4b49063104d7d,0.0
0xc6505cea4d1b01228149ba6ce6c93f67cbab631a,32.0
0x261a7eaa486fa968b52e8ddd00b1ce242d0cf5db,24.0
0x954da409811bf70f7d5cdec7392acd6b9ac7cf32,0.0
0x59a56436ae23a30320555373ff497699c50c082d,18.0
0x6b13795c563714ae065f7b171bdc74574d8dabde,0.0
0xd674db462c43a1242522b7987aa5e69b82f43df5,0.0
0xb2f5ba58b8726f3916cfffeb29809794376992f8,0.0
0x1cc221d84a0c1621ad6b462a84d1bd69c5b94a58,100.0
0xad09ccf1c5097a46d321feb3fba2e30fbaed07c3,7.0
0xa46d0a49e4d83bd29d8490c55c7448668f102749,0.0
0x516a70358698ba58563c0f31988391d2e0d7386b,26.0
0x77e6b1b889f0eef6cf7cc76e2c52e10f28456fac,1.0
0xb2ab79891035724367fb8e5765d8e0dbd72e1930,28.0
0xcbf28cc916937c77ce1e6021fcd7a15f7532a60e,0.0
0xae6ef687e55ccd6ec96d2bf6e67fa51819193afd,100.0
0xf8f1e5d73265cbe87af9ae8b0fc829b74a0b60ba,0.0
0x926d3f691dae574dbcf385fbb0b71bfa500480a2,0.0
0x58025877ac2797965512f48f7cf5c66b0a7d9eb9,15.0
0x1e54dbe42e212652ccaab64ea70acb7ff72e76e6,0.0
0x3ca54ac103bc4c5c47e4fc740977501403aa99ee,0.0
0x6b0b8e6897855488cfde9ca4189d8c682becb9ef,1.0
0xc01e540768c6208095959b2948c435693c14c0f5,3.0
0x81d958fc22b6f5fe2d53b405243bcb8b9de67a32,0.0
0xf25685a7a5f0891ed4350eb9cf9c74b67a7aa7e2,2.0
0x1e90474d2e83e7b7dd45553156beb316845e66a4,0.0
0xfb1c697f03f9e7b7622e7089d8c30cbbaf0423d7,0.0
0x9d2449e2469e8bfb7b16aa12748f269a142dada3,2.0
0x12875f3a820caa31472cc9b12ee6d3490964ee01,0.0
0xa04db8e89d7988b1cc8a850323534582436b087a,0.0
0xd79add81d0b801eaa6e7fc9e1aca731cb28381f7,7.0
0x3f6ae1580081851ecd3f7db55650559c1d48ff20,1.0
0x545ae08ac5a66a34e4523d7205e2daa877bceb23,0.0
0xa92fbc136b38d2a659b52bbddafb328b194c8db2,0.0
0x36d4a22e02c36ba9b32cdb584b88563f410a68e4,26.0
0x0c20db296b2fc3b36f782e217afebcb1daadcb75,0.0
0x95176848f874d84424ce258bbed38e8a5f8674aa,1.0
0xe1be8cad580236a207442ae424558ada9fe70508,0.0
0x65b9d1e93a7fd5e1ae0603e8cdce616f6cbf0206,0.0
0xe9f3500b0809dc407a66d288df8d27541efe4b59,0.0
0x1c9f3aed5c8e7780d51a5c11715c16498d5d85c5,0.0
0x5e4be30aeccb0c4f9811eb3876d0271ea826eb67,0.0
0x3f5f26812ca570b718bed08c30ea0ecb40de747b,0.0
0x198bb339abc94a0ec4b757ea6b5f341300184822,1.0
0xf7208e97809cc2eb878492500e988e6570f547d6,0.0
0xf6fd374bbd881a5732c42d632d4cee352a020b13,0.0
0x437dd32a2c7afd77e65358ef53e33cc8eec55014,1.0
0x1ffd9019897f148c2a46726d98821e6b8c53ac6a,0.0
0x072e46c7c14b63f4ca8b46b1614b0b5864822b91,0.0
0x1339e77d11466e1690575aea7ed48bf0a7ac05d6,0.0
0x7028583aedc24736edd5dcef4bfbde3bc08765aa,0.0
0x5288111ce5d38c3bf8f5cce5aa3ced86bb5cb0be,0.0
0x832577409261ada0acead1262cb41838f6dee1b9,0.0
0xb555361376f7f2b844224befcc969a1d9bcbe19c,1.0
0xa872b550331f70b032c2c25dfdc44d8e2def1b97,0.0
0x5197972c06b649afed9e618689e00d3be5c27ba4,0.0
0xa066c30606ef0e4cf9168be939b4ad5516c14847,0.0
0x03c51001d4ce63d230a975a57d3bd1008eaad87c,0.0
0xa4211aa4dbf96de73e51fb1b7a3a73cb36cfecd4,49.0
0x082784c86d4d6e9ca0e19e93da1f78b116bd8307,18.0
0x473f3e1f5390f045f67663f04cba5cae6163c898,0.0
0xe53b675d920e7e0a8f5a75f3bd60e89f96fb7e78,2.0
0x171b6ec69f508a0662dd39b8c2b75b5bfd64017e,0.0
0xd291749fd9097bd3bc64846824e40aea1109fbb8,0.0
0xe7d8226ae2726ff4a2683a4bca2d663918bd0faa,36.0
0x5b5b15a8ed6a6e4d870be6e07cec2b48dc909637,2.0
0xdc0be60c14742e13fd73a1275661d62fe9ad2ccb,0.0
0x8e388ff4bcf7ac116241ec65d387dc02a3046eb1,14.0
0x6f0a8c7bb85057ed57f85eac3fa8994ac00e0477,4.0
0xf841216198005ea2735fa26a0ceaae806a09f7c3,0.0
0xa640d95117f54f30ec7b35356db9da305249dfac,0.0
0x8f679f194f2b8781790216320981c0d38d4e082e,0.0
0x46b188ebfba54ed6caffe8fa88991a7bce4cc45c,0.0
0x4b5928f32c705c1360f207477bb5778d2975ce94,1.0
0xfadf08352ee5ec6e685cb64e19a5d89b2512d2a7,100.0
0xc1017bdb933d186a5e1667a0c8147071159997fa,0.0
0xfcd75fe1bc9d3014221a6d43a2d2d62e752c792b,0.0
0x81e1e25d47afe72cb360ac72848ad2a5ef9dd70e,0.0
0xb988792bf2a089f5ed58fb06c435ec75ede2b6aa,8.0
0xf8aadbaa91cfdc5d262e3cfbcb0b2dc50af05f7d,1.0
0x31033d908cd4f824f2de0a3b9567e1e2c1a92b57,0.0
0x41e260e8f07615418968c5fc7d10e277cf7eab56,97.0
0xbf36aa0606df17ec21f5b58dee6fe0adcfcbe78c,15.0
0x7d09eb028126c48279612b5e35999a2fe9cd1210,0.0
0x1bd48b7f376fec854ae2535fcbca034a2a5ced01,0.0
0x7e098c6cb77579bc1f9ab9c43a5b00f4d7b8a343,1.0
0xb33b6119fdaac31bf5fce7e21f62bf7e4786a0ac,1.0
0xc13457e40a02f32e83aa9ca9f4853ecddd98a3cd,0.0
0x85684c11fd750506cd8783a7cdc19bc583ce62f8,92.0
0xf5f1066c48ab3cd2045adc1b3355091c516d85b9,0.0
0xda18b8b5f73575f8ffda1b3a2f0a8d4a9f73f886,0.0
0xff2c4f616f5a857f71b367dacb2c7b7fc70e8748,0.0
0x37e93d8ff4b2a2fbc07ece682c47a698683228f5,0.0
0xe2cf73ea6600016f8bf1b00573605d8b192c9088,0.0
0x3483f675cb4490266c3a51fd7ed1a3fe82f5d13d,42.0
0x334093a574eb721da32126eb9dbe1b99dbb55b21,0.0
0x392cfa44bf194dd93665ff87ae7ec5a907726efc,0.0
0x76d7aea79173b8b6b1723bae0a3bb423681fd01a,36.0
0x466da2d6191d10002ddf3a6c7774884132f065da,1.0
0xbc1e9330529b5b81fe6d7e8c67784b07d30af029,0.0
0xb58c015c62120add5cd480b360668c4232bc2ef6,0.0
0x99be096885360273182b6e9b4faf473fb22ea482,35.0
0x8a7d87a092ea081d1e40ccd18649e53877580b9d,0.0
0xafec27f81d87cb50faeec1f591e707fa12d41bcd,0.0
0x67d26a3873c83676d00b6f0989ef4c0a0528f22e,1.0
0x0b60dbe8a3a5fb798879983bfb7e9b312bb56077,43.0
0x8de167f7a11de59acf6428a1502cd1980d854ff2,0.0
0x51f246b6049487013c16425208b8be777da79694,0.0
0xd5fd8fb995f1422ef8ab632f51414347e586e575,38.0
0x299a751e82f9bed1d6023513980b5bc6dec8e592,0.0
0x0cc0fdfa2a9edfc89087e405a4d4b6120ea686fb,1.0
0x6c634f3e46440705c340ca0c24d54eda7711eff3,0.0
0x216b4fa6b038bbef32dc4b610298d4e3de220206,0.0
0x8c4487113e894faa478deaecff29f8a9a0a9d2c4,0.0
0xcd7064f37e505065ac0b7056a01f062597a5163f,9.0
0x54a575af22d23c138e8cd35a6d0299da7f116e01,0.0
0x4b1a741f7bbe35b99e75f3adf5e8059ea2e41173,7.0
0x31c8a479ec9a3c8b2961785a7c7a68f4c1666ee0,0.0
0x1ebf62d6d164f6d66b0f827fefadb8b64c08d3a9,2.0
0xcafd78ce317622f652f37af1e4a1c92df3b8ade4,0.0
0x7503ad20a07164bd82f0adc67b6eeabf48214fa0,0.0
0xab9fa6df35d586c7f0d061e5ece0d9533a822359,5.0
0xd3ed5380aa51edec3e2f5b26cec592d2881578c0,1.0
0x95f52ac5d388ee5e78c8e2ef7acf8b3461aec109,0.0
0x1d7d23cd224375ed1348c7e9aaddacffb391b329,0.0
0x4a54ca29a0b687a50be92c52564eb1b597679260,0.0
0xcb4973496373148d7fb1594886ad93522d860014,0.0
0x91f684d70ced2d9789b1aa89f996b55eaf05ee8a,6.0
0x0afcfbe8793c28e828e8498e9054e6fca36f590a,0.0
0x0aa41ac0b006e2cef18356ce850f2ee135e8b3a8,0.0
0xd1904155010a2b0254e66c077731effdc18e48f7,0.0
0x47b3e0a335f7a84fed7c49820eff8a2753536aca,61.0
0xddbffe114940b433076324af6b181685ba1e933d,99.0
0x3afcbae63209399f3c66e113f764575612a522e7,0.0
0xeb4da3e0988d8ec97498bee7783fbef14e233b89,0.0
0x5add8d91f8a330f9b01df171bd97270e2f62bd8e,0.0
0x47d8cc1f15d52ce84405e0ea15b297b49fe02550,0.0
0x56eaf95ca6e7f962d005752042c54763d70ec108,52.0
0xf3a32cc375947eeab0d3fc988bba051b75222979,0.0
0x70387ad75b89339a47a23f946a25705ec7bb8247,0.0
0x2c46ee01c4f69d200854e3e582074e7ec6755676,1.0
0xd7c5a6d4502ad8a3f88eb69cb97dbeeae8b54603,0.0
0xca66012b55123ec1dff4137be8371acaa84a3817,4.0
0xa8d13ce60baa1634a7b488cd69c03a5148a5e619,99.0
0xa1e55c65e3aaf7bd86408323a926a872e5f96890,3.0
0xbcae65851d4d372a066bb9f377bd8efece6dffd6,92.0
0x50060d9768c0f92f0c20970b7c48df35f9bf1a5f,0.0
0xeb9a3603badfd886df7b6bc2f47a3f5c9aaff5cf,100.0
0x550f44ee647ef1ccc6c097256497158a3f6c0a4c,0.0
0xd056d4b6fcdcea982f7e70f085bbb1f9abcd19f9,87.0
0x4bdb2db6e7cbf2a9687a235cff93462e63515e9e,3.0
0x1d5724212c55819ee5c37d8f1fa8dd97ff4ea072,0.0
0x0e113527dc5cf4a02ea0eb12f60dd234a001e0a5,86.0
0x485536fd0afdc557523c803f0fbdbd5ebf11feab,0.0
0x80fd0f30af5bb903ba697146aeb56fa62f91bc1a,0.0
0xc19e722a4c42d64f7b5c5cd98827e84f56f63946,0.0
0x155e23aaad30e4db0e7f60d6d9e90bc39054bd99,0.0
0x00fddf15962fd7a4381e83dc82645cf2a45db33d,1.0
0x849abd2c9469fde08e77838055b1d0e0e03db831,1.0
0x99b4081b4febbda513a5bd3ea8e8f593a407f18a,0.0
0xbed25fa007d0a30cb04f1b50750d599e89b1a8ce,0.0
0xe0f64c0f8d5db26956a74001f5ced7d988baeb39,0.0
0xd55271ab3d80ab7e383ee0f3abe08723e4dbf321,1.0
0x4d7d1cb4fd7edd00f0b9d7061df7edc6a0beafad,0.0
0x7202de75560094e3da379b1718ec22660adbc74a,0.0
0x373d9e94901022872b24a115ad9b78aee0396f6f,1.0
0xd4c823dbe77238282a8dd53f4525ca93c69f8dfa,0.0
0x61adb85395edbd4883c2e25fe92787eea4f059e2,0.0
0x5fb9c08fca4211c8d0a1c9431d04c6475f5400e7,0.0
0x51c35636b3bf6d51f808c562a2732a15aa38cc7f,0.0
0x2429980b1173b17a92797d1e6ba319951d6d4966,0.0
0xd5d8fc350252856190649d39582948a77839a646,1.0
0x224d757f0b5d19d491032e6150b63fc431100c3b,1.0
0x373889a7e53547babd1e806f6613cec3a7164ffb,0.0
0xdbfc7a2038f61160b09f509cfb001bc1a1fa988d,0.0
0x9a2a08902d24ee5a138c29077617d5b1d17919e8,0.0
0x7c9a15157acb8e4f86559ff2750c708956e37e24,7.0
0x1789c67dbd54c8322484765013981959704837a3,0.0
0x46a4b0363f9ac25c48df181a6f0174d259d9efe2,0.0
0xcf5dca32f180bcbb11f73087930e72a1f23a343c,97.0
0x76ef395c519abeb1995167f07c46612a56dcb432,0.0
0x983e1429915a634098da022ddb1aee12db8c4786,0.0
0x750e83dd0242f54f9f4aef0bd746c8678e24b993,1.0
0xa40b78a0e4c8b8f88a3f0f28bb0b72a1322748a1,0.0
0x878bc1a4d60bd0cedc7a2e7c4e81924d9bcafcb7,0.0
0x100c47e6296d25e2efa48dd47b3031f4e00891c8,30.0
0x5a54704d380b0280d9f012d491891c54295ad872,0.0
0xc8246d28171fff09091be2157c092a323917b630,65.0
0x13fb5d10beafe05c080a1f66f97568575cd83198,2.0
0x176b0d6cf89c92025f0bb3da576225cd8166fb22,0.0
0x0f676839d688161cba159fa240929ac92393f820,0.0
0xdf977a1b513cefc929b6929935b5a2dc91c482cb,0.0
0x3f9d80470117f92007693fdf830fbbfecb4fa057,0.0
0xbefd19677d4190030e55960841dd16d399168dbe,0.0
0x868bb1bcc8c13d06225c86b5ec306b5188d153ff,0.0
0xb8cfbf3c84e49f88e33898a680def941754cb595,15.0
0x2e29b5c0c6fd71f9f4b0ca05bc36a62a566d6dbb,0.0
0x9b05d6fa4675d8ef906e6439a987b52e855b32df,0.0
0xb4f14dc5f0dc011f73471b356502c8086aae407d,2.0
0x2f504d5a3c1e7c0337ea75c7b64e7d28e0aa75bb,1.0
0x0496f6b6a376d1aa3e1db8e6fcb333f3246bcb54,98.0
0xe6939a51fbf803b65b15421f7afcde54f75264a3,11.0
0x67f8fc8161b1cd5cb404aed7d8cac190f0184674,7.0
0xdf5f83ebdf9eea582528cd9091ee6943eb3ac727,1.0
0x03fca050b03bab4f25d307c469244e2b852d5995,0.0
0x2ec459637f8c939eb12acc52a7a7c6508c10278d,1.0
0x32b5b077d141f892c5f0134017908ccd698e92a9,31.0
0x4eae67115dcb918756409e0d7afcf8f3b6c099ca,100.0
0xfa745a8543897c6a371eab14f01db377a1073332,0.0
0x60f0d9afbe582a211e543bc9bf1607abbaf2e752,0.0
0x1f5f0bd67bcdf1ff1d667b4a9cc3ad77c58fd614,0.0
0x1e5dd646e82f5b6df770872075200edba98ebff8,1.0
0x6f38083784e70f298c82d2bd3ee60f0c00112ef5,12.0
0x93915612639a3e6c2988d8353d4a2b53c498e1bb,0.0
0xfea20fdb4acda0b16173a5503ea73723c6654a1f,88.0
0x784f698e43ce2aa502ae857048e2397b8485ac54,0.0
0x98fbb4d1aa6b4320b6212d7c4937d699fec9c8bb,0.0
0x77bf3aa16a71caf378424b284f612687d88d235a,0.0
0xec12c87aaebc0006b4954ef38f922527d29816e3,2.0
0x6b2ebfe3fe5c5b84746105421de93df383b222e8,89.0
0xd79f424fa52bca1837fe43ede62380cd8854b626,1.0
0x03244eaa7a5eeb5322527ce489aca1a5426b3755,73.0
0x2125a5b9a9dcd7768b495af7bd7ec6a8d9703813,0.0
0xad661b0f8919c93b4d07678fde702d998d6f08f4,99.0
0x13f1b0d279fdf341da7a7a214d173b5fc473cf8f,18.0
0x599ed10fdea23e5c968ea1de7832011dbc7c9b22,99.0
0xc5701822d2adbaf15882a432e2548aed20c22492,0.0
0x265aaeddc4eb6fd6f2626ebad7c441646ab3106d,8.0
0x498db431dbc4d63445990acd1802e3553537af97,0.0
0x60f50369d9f79381068374d41a58af7c325169e4,0.0
0xf915b23769a4d1de0cc4dd152013c1aa4c115ec1,0.0
0xf0fcd7b0cf2bab75fce630b8915e1ee3ca154cd3,0.0
0xa0528a47c4a5eb353a4adf8362c0c26f35bc1314,0.0
0x61d457e1c3656994c21680a86416ca872335ef1f,88.0
0xcaac5c5a967454807a0b83f408f19ad6542d7b51,34.0
0x4ce8f1d623ecb72d65763c69d8d65518a55796ad,0.0
0xcde343b1427407477a1d133959922cb9ce7184cc,34.0
0xeec1927b60457e8b4ac62fdef57e89eb0e83b9b6,0.0
0x03a47fbccc278ae299066929085b815c234aa65d,0.0
0xec13489d022102dde8234d8c22b25b0bed2e7b54,99.0
0x94f0b3b72e8c686f252e45e013f0dfd318c316ab,0.0
0xcc079eef82c732cde32a7589bcb88d56e42285ab,0.0
0xc5f32455e7e97564ef6e71c439708d3e12da91c5,100.0
0x104872d5c9d825d1a555442223eae208b28d992f,0.0
0x51141cb1df4a7d6623b72d796b12c66f8f7a7aea,5.0
0x56141d0637b0896e15e2fd7e374c59ca88e81b39,14.0
0xcb5e533aa5f33c741ddb7b0e1811e043f2948203,0.0
0x90dc81f6ae52dd86fa487760b3cb22dd3b4d1568,0.0
0x45b58993f519f535e3593c10ab2390feea5a40b2,0.0
0x6a899f90aaf04101d1fd65aab7ece32fcfee1f3e,0.0
0xbd345651e20a1b55fa7b38d82ac2e9d890368e1d,0.0
0x93274f50c4c1ae3ede6adc6537aa43b8fe6d671c,0.0
0x62d48bbea1816edb50736e063c163a6c5606863d,51.0
0x6760a63e12e076a2fcc53da54c037cb75bed6afb,0.0
0x28af9806197c78153ee3267455eb2d9e99650abe,26.0
0x9d75f4ebcb8e7669e59dcc27cbadc698e0f77187,51.0
0xe03c5df893ff17d52e764ef9afce185ee7656be8,0.0
0xcac9831e2c2deeabc78561f23bec7345600ea68b,0.0
0xb18e6b318a0d5f12ce319d5ccdcf29032e640677,0.0
0xcde2fbdd3842f0eb16c8c552e9ee6440473d75c8,0.0
0x6fecebc9c9ce4aa9e9726e0b81754266fc919c9f,0.0
0x1d999a280c97d468866b80292c707c47f23d7b18,16.0
0xee50f4100bfa42f78b66aec1f2281162f32e9c8c,5.0
0x92a8c1c338273780b8b5cc89b741c6b4a7ed0575,0.0
0x4ce4afa44d62fcd3bd1eee09871b7ad4e12da847,69.0
0x7f9b6e553b3742761cc2f9b659f4302ad80ba46e,1.0
0xb7d696a0b8aa97a83704ab6fc8a2cc21fe63a31c,6.0
0xe55f0f0648b15defdbd8dcf418743a3701d67d06,1.0
0xa3f866e2aef7a1e2f08c93c594f41a3e358b408b,0.0
0xd92ed736c6809f303eba81835cc321db5b1f82b4,95.0
0xf997558ae6ab4e5b7df35b6686becf512a50202c,98.0
0x3f9e56eba4d88b762cfb1001b770b9d3fdf6f6d1,1.0
0xb8a723d7b5356a43753e6b66c74917016b07aa59,0.0
0x991676c5444d80f6169ce02a36f317fe0eec7da9,1.0
0xcd08425cde59125b5ab426cbd83490a2f58bc2e3,0.0
0x37028d9556e985dd97b4d1dc96f28dbf4fe2fec5,0.0
0xc5e0bbfb5a0bae8c4af604e31f32729f63c20129,64.0
0x8c2e5b5d9636bb67ac890e586e299c16b6ef91c8,0.0
0x29aa7bad1d04ca49964403666c109790820d5c68,0.0
0xfc0591893b0bdb4322d25bdd43904aa9ab137140,3.0
0x34a6bcd963ca3491adc98b29614dc8bca33c9b30,0.0
0xb2ac004c0aecf4e205f96fdeaee799e5a8be4273,20.0
0x30ac049d85bff91c71cbe30d67c4aea00ce6dbdd,88.0
0xea86f4190108c13197351d27cfd3efa2e6e0e631,3.0
0x912fa60ce5cf799710c414ecd514bee39365c3b0,0.0
0xf54e97c0ecf1a2007e3095de7b87c22e17842d6e,0.0
0xc960a35d63a8b431f83a841d9a8afdb3d6d4de5d,3.0
0x1ce92699b2599c7f5023dfa2b0e82ea44367cfa2,3.0
0x6bae7237bc7390a6e64028682a7d707b8fe886c5,0.0
0xe285667f6a307d9886fd41eeed008c30dcf218e4,3.0
0x094b46ada2c53deb436ea56ebb9592db03f624bd,0.0
0x4f00f1c6875070721c9f555b8acbb238ba1782bb,0.0
0xc36e3fe228c32c10e6c05334b95e948647e35185,7.0
0xd73065fef4eec7f9013b9fd9be17c25e4f0acc38,0.0
0xa152b1bf4cdcb85aea490a0bba37486e1b3fcef9,2.0
0x1b2eebbb0a48cbfccb6cdc776fa604af9b07bcc5,0.0
0xf392d663adfdfb3bb7304ca6239a4de72c0a2a5f,0.0
0x2a9f490a28c1779c5104615c716fd071c266311b,1.0
0x97526bc7eecd5b647ee820fbbc99da94bb240b76,2.0
0x724fd1b70e89ac10cd29822686aa4b7b067929ca,1.0
0xe341fbf7bbd43e06f4eadab1ad9e41b01b074bdb,5.0
0x0f0370ae5731e0f181a5d02a9279ae7db75dc719,0.0
0xed7f4d00917ff455219c74c71e095a248c42a01c,1.0
0x37558343735fe6b698b83f82fe95191fb28a6be0,0.0
0xf1084393cecc7ed84243b5666a5e64ffc9ecc699,1.0
0x48df577bd8a201278418ba7750bdf03f6421809e,41.0
0x7746ab46a45f3e7622aaff9243a1c353ab41b0e3,0.0
0xc8f82eb37b7110b6595cb01b4de42a50d19a884a,0.0
0x5250265a80f95a161f5ed0f93f119bcc17d23149,100.0
0x089d4890865a39902717080fc30a0b2bde6e15b6,0.0
0x20cd4610055a773f3a588ad55d09bd225534796d,0.0
0x3311870747c3c61c2d856e296d0bccc211f1fd2a,0.0
0x25d533d7d7144aff87b52a01b66f6a03451dd3e5,0.0
0xd549f8656d284afb1956389f0b00ab6e49efb84a,3.0
0x66f2d4525715fa94cff2e8aaf299a2ce80ef9df8,29.0
0xbba4afab97caca7521eccb7026ac394152b877df,39.0
0xd503a954bbe6f44cfe2b547ea76fa31479c727fb,0.0
0x8434205c1909c8b7ed0d225043bc114d86582ab0,0.0
0xbd07ee3541afadca167c4fe37ee0c361a457d79b,0.0
0xccdff75efdc34696abc152b4cc081c0d8d18ab61,95.0
0xc7c9b947c5a60f24d28b00ea62937a75a04eaeac,0.0
0x23a2c79d2ee1adb54fa27d5da489379c1e274bc7,5.0
0x93c44959585c5dce0821ba05ca4597d358b70506,0.0
0xc8149a7813bbc567c97dd7773f84b4b25a0ca80c,1.0
0x6afd61cc7c83fbac170a69c746d9fce811d18cc3,0.0
0x265d8b536d1fae1edfd4c21bccd1610a38825bd7,0.0
0x6768050b4971f2fea3f22cdb68e6cd0055b216b0,97.0
0xd82f4615a956b36d4229f66722d5fe304be22865,0.0
0xed63af4a886757f65daae441ebeea4e39cd33251,0.0
0xdf1de645bda3eb5f73a8ee4d935ed7e7d88bab2f,0.0
0x14ec02a76047c8b398c7dd4f7d7c27a2efaaafca,0.0
0x0c8a9e02ba248911b61f50678a29882862708611,0.0
0xa5fb26ce692eef1c17092e4d07d6fd5c7564c176,0.0
0x0f6f4af413baffa1414841bbce810dda68cf609d,2.0
0x0eafb78d216a4d9ae725d3ef087143808695445c,100.0
0x7d171abe191bb88e1438aaae8ea08e20340e7ce7,0.0
0x9fa44c4d708da65f2562087139b60c159849bd3d,1.0
0x2c6633f7f8ed5f3bfa1950fe90507fc924a4d5cd,0.0
0x2740afac8ea942e066446bb800bcaa9cdc43e2ca,0.0
0x615fd3c2826ceaec1f4b426add1549fd0d283680,0.0
0x9c64e4fe8c13afd4176913f307c3572191c65c92,100.0
0xbfdabb6c5151324b521c8f2f85fcfda460f6a224,2.0
0xd41400fbf943c6fbdcffcc9067bff29d4e38cc5d,0.0
0xeef2cca84f80bc94d6420932ab915aad4d8d3ecb,0.0
0x006ad7df1dfad4af7d182b9598a294d7c601488b,0.0
0x2f98b0f92530b993ba554b2f657f22c0d054d17f,0.0
0x0b38b276c6ccd51c2c75c5dc4d1e06a908fe237a,1.0
0x6db6daa88606ab6cea4e2b1bc79090c6233d3930,1.0
0x9ce68d6b6249ff3c493f9af77b655bc7627892f9,0.0
0xebbbd035aca65f508fa16ff32307940978504fa1,0.0
0x03c34c421907ce56a82ab508fb9b47140dcc9ba4,0.0
0xc7548448b7faac0b76d9e34bc9ffc03a20b7aa27,0.0
0xace376c1613740bbca6949583aa59ebf17cc0d6c,0.0
0xadace807c096e0517e94d1cb4fff1c25f7cea0b3,0.0
0x41ee28ee05341e7fdddc8d433ba66054cd302ca1,89.0
0xfd2c97921a336d1034b0062d57ef19e9e35e4501,0.0
0xb1908824424b614852f5ef488f82ffbbfb0b6863,0.0
0x939af61bbedbd31cdda3d1a3af3f976e5eed8105,0.0
0xa2096331d1bcae1720c4844c53a64223723ab018,26.0
0x0d9ba6acd070ab951727784d0a3fab36abe2b39a,0.0
0xbd55b361700c3349794af68879b8a9e0921640ed,73.0
0x816932a345f796c91013d2f1b41afd199ba0e052,0.0
0xa3db5b5bbb7ce2aa96275837bca893c89aac569c,91.0
0x8f41de3ab912ba33dbb7755d4f4832f1a5d8175d,0.0
0xd22f91db4acdcb696ce12393b6de0898d0b116e0,0.0
0x60c6cec0fa50c2f8dd55c6b8c4c1fc88512370c2,0.0
0x4d3344977499703b9b0ce54b8db18bee6dd4986e,0.0
0xe5c665a5c31376834848f774a2048f4e44e6dc21,0.0
0x3a6f3c3774ee5c842f328e9dae7158408a1fb58f,0.0
0xa906ad3271801c71c8408bb40b973e2d8230035d,0.0
0x94843434993f2efc1a8fdc47f713c0f97f138e03,0.0
0x318772294b2b706d17a1315889b99f09393415f9,0.0
0x1d357b7418d6c75b7b894493f2734899b7a9c2ab,0.0
0xd2f2879de640630a4b47873493be7411417d805a,0.0
0x136b62fc32afc2811fb478654ca70c349b6053b3,0.0
0x556b096cfa2ea7bc9a92fb7536506f4895a346c7,0.0
0x759ff332e333a647f31868a19972d8bf9ad82d48,0.0
0xdc18f2e0444f6a106254f5fc4fff17c9a4b5e3f6,0.0
0xce2c7db529ac794b77038fc8e889f76d00bdec2d,0.0
0x19873958afb4c1a51bbd49838dd0a5febbcaeeb4,0.0
0x93e3fe31bff50bd615c714a50f824a19bbff608d,0.0
0x378653322cb9c2ef15d57564506030adee00a77e,0.0
0xdd9bd68c7accf69a3a023b88a49a5a7a01ce84e5,0.0
0xc9761eda0b7590d30beddcf055009840364e253e,6.0
0x1c62e34179d5e887838b5a5bcd5a59e3f555d93e,1.0
0x01fa43016c022333a2c01b190e5fd7290dcd1bfd,0.0
0x464754a3f9af501fb9477e6ea4ec430d3b52b9fa,0.0
0x52b607c92cc97071fec68e4b582a203c72d15199,0.0
0x10df26ddfbc4093027b9cc43f0a11f8a6b8c75ab,0.0
0xe0a4c349ac1909590cd452437df45e8b2fbd4ee3,1.0
0x6d7745feadee74118ebe96a4bb471ad385df5b76,0.0
0x0efc2cbae3b6044f007d52cce635053aeb95ae1e,38.0
0x98ce495e1d90f0a36711f5951454dc4d491da3b4,1.0
0x772b3e7b6cb2e74b67a66c5ba1e68540e856383d,18.0
0x70a5bd6c6454cd1ee313e4808d77f75492299bf4,0.0
0x4cec4a6e98fc624bf5f897e590a89bea0573f4f4,0.0
0xe7b5c90e71987282bf6d97f83d52b4168afa6b1d,0.0
0xcce0eeff4f6458d20d8767fba5531aa66389ff12,0.0
0x100193ed61612b35ce33c95d5b31a9457db259e9,26.0
0xf7e2bd9cba282781932d5bbc74152e1664b3f515,1.0
0x041fab73dd9bd3de4dd14f8da47b374c37f46cb7,0.0
0x7d2b87d4d4ec1c21dfbb550834dc3f60b70ef9a7,0.0
0xca2de777dbdf8aed778b858c97d253281b970c18,0.0
0x11ec6db6b4dbc0ad7996dffb7203b63744351e5d,23.0
0x8abe1c4465bf9d806bc38849b11051e8963580c6,0.0
0x0208a48e07b007064ff0e427e33e7f1f3eccfd2f,0.0
0xed7ee1a158ce4f1ab121f646605d55d269d227f6,0.0
0x091bcb79b783da0a8a0c5c20348a344891ffb20b,0.0
0x8884ee87408eac700da5c9bd0cf325ceb603e488,0.0
0x2b3f3b921698990de5886fffc77d5bd6f670e960,0.0
0x10bd30dfc68f7f612bbcc9406c32cc7408381ee9,0.0
0xe0a9ffeda29707ca80ee28a956a4ed9c5fd82184,29.0
0x3daae957c81e16541b4822c287ae747cbbcfb07d,0.0
0xbce1d28b550efdc90d7660a3a53d491c21d892aa,6.0
0x33484b8e4583ba8012c39fba060f595a8280a206,0.0
0xe337eeec4a6d7898fa2740ca4c93c8a971fbca73,0.0
0xb5ba15a8861be88117eb55a8cea04a466df42db7,0.0
0x8b7d88232238b1f4b8cae91463bcd9fa074bfe9f,0.0
0xd055e3bd8a1fbb1220191841b3667112fa41f4d2,84.0
0x97aad5684ed9de459e7a58f2b22713c47201d897,0.0
0x54b69d1d6212ebfcaaa8db6a676b5fd6aafcfd70,100.0
0x0aaefdabee8c97baa9f7e337fcfa22812e9d77d1,0.0
0x1e8dd8c1c544c3d17fea2630a3364a7e5673b83a,0.0
0xd2832ccb00a9ced45385922263b1e876a333cee6,0.0
0xac9a626c94032d2d4b5317af798ac48ba503e1e2,0.0
0xe126b3e5d052f1f575828f61feba4f4f2603652a,99.0
0x02c43a79180d4f348153621f808225d672404ed1,0.0
0x3841a0ed9a4c06a761ba5f0eb335348bc95908c3,0.0
0xa03b1244ac35ac2a12a345fb3106d70de558bdd9,0.0
0x941b13448fedf8a00e9de08647d0be73fa9cd4a1,79.0
0xebdaa777bb107128e2b7b5030b82981ba7e96428,0.0
0x3e80220bb55a06f23bd5cffbd54f950f2a9fca66,0.0
0x1807920c222652ef8b8e06a1fb250a5d58eaeb22,0.0
0x1b076a7fa5fe99d2c1c081b0dd318ebfce87abe7,1.0
0x196e08cc3d42c9974d2c7136bf3f2fa1d6dde76e,0.0
0x8dd36d89c3111eb65bf0e3d7f9d83d3bb359ba5b,2.0
0x7dbc0ffb4c4aeaeffeb31c6ceb4718560796d300,0.0
0xe691d4fa43e90c4edd00392fa7cf6ab6384dfd66,2.0
0xe97f569e241ff629f11f477936a099192409926b,0.0
0xe7bcb26c0eb854758e586095f26ad0047d7d4513,15.0
0xf4ada77448820a72094cbebdd091497adb11fd7b,0.0
0x3c33dd2d3e813a7c673f0e469e890ec9f79235cb,1.0
0x825ace1dc067d5b4d7349513881e62f44c6883ec,0.0
0xb9479331df573d6bca8b924f48e8cacb84664ce7,89.0
0x63023ca2789ef77e7ca8071d095e697318f4d453,4.0
0x5c9c24ab1230d14b1e6bd69025cec1bba8af6da1,0.0
0x13c237426714ff100227ddd68e57ab4552c2dc72,0.0
0x3ac17148b4e2482cd6727cc36c7329c07fd4d29f,0.0
0x01a2b4350fc5fe31b08077878c348eb007a7c2ac,0.0
0x211f3c0ffcc7f38862a31492ff35894e332f0e26,0.0
0xb03cd72bbeaa5984289625c633009314b5f659c7,1.0
0x54ba2e19d63137bbcb20425e56e856ecd4dc4d76,0.0
0xe3b2ed4896c75fe01ba005ad31ff2a6842ca3743,0.0
0x602d1bbf1760783fec1eef8a4a48f34a18861cd7,5.0
0xb1ada0bfc127e42cd29192123d9b934029d5555a,0.0
0x2dba976150079f2461cb5745f85f4cf1a4b61042,16.0
0xc0beec5442a5bddf49e1cfcb503d53dae26beb22,0.0
0xedbd34fad387d9bd9eb4bde9fa756e96629a59a1,0.0
0x7c1fc154089ab57d0b7d516b01378408c99a7022,0.0
0x8741118c6803c6c2d31fd25049a326c4d7e8d18e,0.0
0xdfa7d08677fa2c4daa368329e113a4abba5d0155,9.0
0x0ec64dc201c9a51edaea28671dc92787bf03f329,100.0
0xbea5e01f52608896b9d60e3ab30715aad0f11b7b,0.0
0x55972761ad7ea5f4ada0352ba81325667fac9af1,17.0
0x01455e0900ab0aa9ccd136949523ffcb0b9e76f7,1.0
0x4950dd50d3a111cd6c268dbd08ae233b64dc6f0d,0.0
0xfe131163407ab10263f802ad860622f9f441fd31,29.0
0xd28b31d0bad83e64c4f454d4b2696428b9704318,1.0
0x30e768eda46a064cc62e285f2e956321f33d4276,0.0
0xba6c7a241bf13319e9af78422749754082d8b75e,0.0
0xdfad0c01a28d9d95486bb3f0821e4f5644704fa7,99.0
0xfa62dd5e2c35eb34503395b981ab3bcb5a4dab81,0.0
0x5c35b5ae0c120114b6ffec7afb16a46b3a5663cb,0.0
0x570619b52dc25f48bf3356d46d360675da5b761b,0.0
0x4856cbcfc695c25381ca9ed6f9b0db8e18338e5f,5.0
0xc4ef9eeb3c7d6f26b2d46c56032ce0084e9b3134,5.0
0x739ace9a40fb8a0d62e986e411c014f1f9ba80ea,0.0
0x80271d99b4b4a73753bfa90649cfcbf74049dbc7,0.0
0xd23e3c064885e26f494c2eb441e3c2eaaf8fe8f2,0.0
0x5d0191fbc83ab250e2870bdeda3fb39ac89dbcf8,29.0
0x10822a109a427d97d59d5f705be5a6596d7f726a,26.0
0x48ed0cf4f84f963988f9236fb50753879cc13866,0.0
0x3515fe491d0623a22e90f7b3b6e8eb77dc4182ae,0.0
0xacf9b252337786b40d26201219c9e7b3885e9992,0.0
0x5cdbbd7006a701cd830f52514a8c94a84435f164,5.0
0x2a5f0f7b94b392dae6fc4c325fd8222b54b08015,0.0
0xd9d900e313a3ebb7fcd8e55b69d5e8f2eaed49e8,0.0
0xd7eb07063caac21fe079716ed34e9dec4c943ce6,0.0
0x4474f724c6281122430d714104dfcf85203b78a1,25.0
0x2a41bd969435e826e07f9627c78109f80e918541,0.0
0x8e96e858ee13d389cac43f56a1f9fae98d9edcd6,0.0
0x24d983903bce4897a5433551a0c0fae3d55e5f12,0.0
0xf785ffa9a07abc362d1569cb6087e61968344812,0.0
0x9f8ec1066e76b8b78bcaf70087b0c5d460b47c55,0.0
0xed15280b3896ba26a97704f63d4559b6142af98e,0.0
0x920c8ae08f0fc94d54daf296c0f3c9abfc575f0e,0.0
0x96babe8595ed944b01499200b7cfd230f8db3558,0.0
0xa730f58d00eeba2608c2ae802e2358392407fd30,1.0
0xb6098d784bbb9e78e118a00b683f9a2ac15c3267,0.0
0x5721ff9f81abc0734f49ea6275e7e8cc96256f46,0.0
0x13b5aad975de738dee4c7c0b2793d836d62e0e45,7.0
0x44e07e6df7aa6741ab8cbf35325a74cc1074889f,26.0
0xe05adbaf60edd0987b087dead825651d2bbac3b7,0.0
0x6d930615f41bad4e52faff4a1c2831cdfd185394,0.0
0x38a404d2e859572fab457ad9adf3cd2d4781d718,0.0
0xe86b2bf44a4e503950aa9e33242c37f0264e75cf,98.0
0xf7eec5b8263323c1e211472f01be0ee4b84d31a3,0.0
0x731315b9c009e18df44216c4842efa19f27b80f4,74.0
0x6a929e00216b40e448efa35e325a91ffd91290ab,0.0
0x53b00300eff94d750b4893cca4ef23ba9f14ee18,0.0
0xc54572aa349f658bb2e442b58a6230c65778cf97,6.0
0x107f4cc815b4ee302206b1112872b6055f5bc7e5,99.0
0x5e61851ec6a1b3c290978130b8a86e4256870685,0.0
0x5e3dfbe3f3c4360e44ef722485a5aa3c76078e01,26.0
0x8c6130063cbcce8208f67e8962582fc60ab550c5,100.0
0x3a92292d72eb3fa8ed350fefe191f9bd78b74a2f,0.0
0x23b06c397d47849af7674568e720242beca333aa,2.0
0xf396d56028d3cadb3a2f555ef44e062693063f8d,1.0
0x0dd07d69f68a2e4faccc297d9fe9250a3bc89348,0.0
0xa64b06954b6b219b7caccff191617af20f30ce4c,10.0
0x69b9d8c90e5e9368b305ff379d08a41803435e63,0.0
0xab06e86d240a5f515ea6d16c3530c6596f8bb774,0.0
0x026101490088130d29efa2a41ec822dc38becd19,0.0
0x11b24723a4726cbec6c429247388f54cb24d31e5,0.0
0x8febd350ed41782c22eafce2b75acaf9fe7b5b0e,96.0
0xff2357963d6ea5139175c26ad88cecbd2b273dce,63.0
0xc60f3e3e05671db7cd5702fff390fdb95fd105b1,0.0
0x37a596fd1c1d38ada99c9d0c17847564acfe530c,0.0
0xe23be2085d782580d38ce41c2ba04225264ad97b,0.0
0x8aee17732c907c03039141b741713f435497bc5f,0.0
0xc9a8436a7cb9c5974236fbb24b9ce43d4bf1a3d1,0.0
0xdaf82ffe588b6c10966a864b9b1c57a9c231c43a,0.0
0x9a26607ac222e85960dcb00c97d1de20f5e8b195,0.0
0x9481f7a740ab78e6a26c768727b664738e584640,0.0
0x1d7a54d28973ac32ba5ee011a225a368dd89a12b,0.0
0x99bec4a44f61b2cc9ba457946cfab3db0f412b49,20.0
0x07ae8551be970cb1cca11dd7a11f47ae82e70e67,88.0
0x47dacd9dc47319c034313f64cca9c49c401e1df5,0.0
0x19d3aca16f31a8995256db47634ab369ac6d810b,0.0
0x17188b94ba6b9f4d250024733c42ac19567d4e74,0.0
0x5a312e7dc7aca466266ecc73f32bc5783a60e860,0.0
0x747644de41c5d00d5a3afa681a083379aa19ba9d,38.0
0x26c860f90a4ff5bb53fdb641723220c505b53ccb,0.0
0x4d5f2fefa2c3cd5dbdc70ddb4e9d13c5afd600a3,1.0
0x3d90462773b1dc95b60a671223b893f646fdb359,26.0
0x749d0937670205f4fbdd288f7bd8f1bc638755e3,1.0
0x46f2b31366c6707507b40997a89fe1af6d0810bf,0.0
0xe0a86d051481bd24534b82873d821baa0613eef6,9.0
0x0d62e1d9160e310cbf4adc4ec41386d18de6d743,0.0
0x30eece36d33eed99fc1e83eb30b9a4b8ab109d3d,0.0
0x5785cebe46df570763194fcf557ff419b30d6262,2.0
0x8987e2168141ae0b6dc2a385d94919bf0e482a75,3.0
0x7498777290ae107281713b048e2a39e195dae318,0.0
0x718cc965d7154f47c9ef462dd76d6f9408f5d9b2,8.0
0xfe08945f392cf1873f2c5b1bd7c7401e452153a8,2.0
0x055c1b9e86380afc9e4e558ebf511d2e63ecc5bd,0.0
0xeeecb767b6ff8523f1a7cda30d231204fec8e04b,0.0
0x1b9eefa5b7eec50c1437bc681dec4db55a64a44c,0.0
0xc60a25d973ae95c3d1f6b74fad7a9de971d42c8d,0.0
0xa7f39f50ae706ae6579918ef051c4fcf0f8f815a,0.0
0x1ea2640f94b1c596b939dc4267f2be0a3f059e97,1.0
0xcda85ccb9b1fb812860a0085a9e1d3f45e9cf5ad,100.0
0x62466bd5c82aefdaf0f70a83652106c9baa526b6,0.0
0x41ffb6197c05a428b9b01d720c96a42efc7c96b4,0.0
0xc086b9ae116a5e5fe7e4a9640a21b2a9e2ec0052,0.0
0x151b1064c689ac99c1cdb0ae8511be5f7c636387,14.0
0xbddd18e3732cee1eb70795073fafbbaa82c2db40,0.0
0x76f035674422e12189f69a7e891fb2e5a7109a1b,0.0
0xcb2250c1ff96a59083bc14716e3642bf9e6e4435,1.0
0x5757da28e197ff0b23edc2c36a91d07e4d4e7e05,89.0
0x9a64b9206500258a56e5b7aa8b94802c4dae3439,0.0
0x0e37ce2794ce9d3bc70246659a0e51fa175592bf,0.0
0x6fbc3e8da05a1f00987634cbc86718d5c7afdd08,0.0
0xd255958a7d5307480c2caf6818a00f2aaf7ec3be,0.0
0x90d3f82ce4d75cda76919204fb2511f4c1556ad9,0.0
0xc249980b61b15e58c3069b988379be3102954b67,1.0
0xf4136935ae236b8f5139019c4278f0638f8f6952,0.0
0x6d4c26b5b3ec5b1b58d0a10b89b7189da9a6c82f,99.0
0xcb56bd76c3f7f081aeccdff9f35cc2f8c76ee5ad,0.0
0xb47f2ee7c3668e8bd6201f204798ba1596accc28,6.0
0x434baac6e81cf894be768d0d5dc4458332618913,0.0
0x9dda346797c5b946c2c384553373539e7d370178,14.0
0x649ef6f4e7a795655706dd14085b25f1d673db29,0.0
0xf0c5df2948a894a9d88e8a3e2bd7c5e2babcebc2,0.0
0x437c0cfc8be18209530eea646507a7ed465f66bf,0.0
0xe65094037f403ac41694b6d8746fa73791c1e047,5.0
0x5030cb7aeee4e5669e5dd2e3d6c9decf49088d0b,0.0
0x3a93f6830f76b62ab9182b97f702e61d04bf7600,15.0
0x46e479aacbdcd6a27446b45e51c60f1b03846397,0.0
0x5224c02a21a228fe8f4368c7ad780e2472eecb72,0.0
0x9733af2b3c8910613593c8dcccf569a5275b7064,0.0
0x68dad58da278f8bb20c88b9ff20e1491d332b7b5,0.0
0x6817c47a7afebf7e09269e965d7db15beaa4f564,0.0
0xd9b8c223badd2a03f4fec93da99cb05b9ab1861e,0.0
0xa544f88297041a1db58bb0d919aea264a0af3faf,0.0
0xb9011c42671a5553bf0abaa56cb290c31d51a6e1,1.0
0xfcc67a22feb3f7ff38caf29a50d8e30ca9178230,0.0
0x6c383dd7d2418960211ae76ae7beee34abd372aa,45.0
0x7a17c3c201ff7f362f9184b0992d8b770e2fe852,0.0
0xee4e4c2aa9cc9db7b5e475d81ee38101c6144edd,0.0
0x4ede2a38bbac15b9dac0d7f5ade6ce5c181a8419,0.0
0xb155d26c81341c908ef92750535aca3cdec9c755,0.0
0x489e6022295ca4e52bcaa7aeda075517ad78ebe8,15.0
0xda0d22ae02ec905f05f20f76bdb66d364ec02fb6,0.0
0x6cf5fdb5d4a94579209d3ff01c8b87ba01471c4d,0.0
0x18ff64c427955a73b703b9d1083850315b828e85,17.0
0x40ddebef1909544981d5d186d5730da6c8d1fcf1,0.0
0x793dfa5eea432685c9b9d54a734f06b4a1e0182c,2.0
0x4058531ae49cba65f39d3c451875e4bfe31cfd3c,0.0
0xb36d2fd005a12c68e89a4d74614163bdbe313283,0.0
0xd9c50ea567417a332303769a53178da19f80e75d,0.0
0x1931cd46e3f25a8f86363ef368d8885212001f73,0.0
0xcfffe0f60472f98cd0385fdcfc2627e331eb2973,0.0
0x8cb014f8bb949a24ea7d5ac93339101c8167131a,0.0
0x616bb8a08e8df63374bf6dd5096fbe4a0de0cab0,0.0
0x7dde7bf48bc79a4a583c52f13bbd6a021badbb97,0.0
0x63d352716476403c888d70f9737e3966fd4dce06,0.0
0x3b996bcfe2a0e7ad86e491044a548319f876e177,0.0
0x23ae640b6a5189edd2a1ad35eeec680892950d4f,0.0
0x57750a6c64adefffb4550e2759000da9c7e92d08,26.0
0xa932c32f816e96280e19c1b1b028a5dd5e06be46,0.0
0x0788b0bb180b8308b0485d7c7876bfdaf0cfbb24,61.0
0x4ffb5c4e461d866e57e1fa94bb57e59a90eb6f74,96.0
0xb7c0884f4eadda9df3fd68db4322437d4f7d402f,0.0
0xea4915a6f82c2639fdd39f6a030ae037bacf008d,0.0
0xf4e7e179697bc1150e65a6ea8d169fec23f1aa45,0.0
0x02c5d695bf10341f9b36f404b401e46b26a21d38,0.0
0xd0910cac34e2a3d956e65559519c5565e007c252,0.0
0xc4af15688a471f7834fd70cbeacd47991e4f9494,0.0
0x56316006967de3024eb91ad219114c193bdb6a7b,81.0
0x1834c42ec82b4b129106f79ff580a288eb563af3,0.0
0x2b91c2069b83edc995fb33631335cd434c1c980e,0.0
0x8ad4277b41bf821bf06b6b5f00a86901daadee02,0.0
0x1df54838f7943c14131376a7f9f25d0316928821,91.0
0xb01f7b0cb9bf4fd3c870b1fb45f3d1f2711c979e,0.0
0xf42309fefa03d7b16d1021c4d0425c364c24a9a8,96.0
0xf1bb9c4621e54e0395087d14615e6d812d504ece,0.0
0xb2ed1d6b751d35d890606eea9e134cdaf7d1368f,0.0
0xdb6533d3d1be8d35b0449f170eeebf8ad03bdda9,0.0
0x2b5751aa554e9baf349d0a33a2f69146003ba31f,0.0
0x5a8329002d3d4b59da9e4882ca38c104294cf382,0.0
0x3deca9423e7a9bc413387afa69a88b592d735cd9,0.0
0x8aad0f06e3923cb33d91b023b6e9964545c023b9,0.0
0x4dfb474f3dfe06321326cf7a12327f0d324537f5,26.0
0x209a3ff4528e6e237a18a7de93a8143972d3615a,51.0
0x9d4ed463cedb352055087a41df3889bc637671b5,0.0
0x1c97a1ea742e88c7c782a7536a97e4210daff2fc,0.0
0x79ae1f694d8e62374da7c2da6854a7dadfbd0ca7,0.0
0x9dc0fc1d1b9ab1aa4b6b761e67f1c58a76af859f,1.0
0x8c6f9a8818f0e5147132f95185824699d5a70d7d,0.0
0xc08857a0d0811fc5beddd42931c3e5e5a6711523,1.0
0x6973663e8d9ceaa130efa782ecbf77a8ccdcddb0,0.0
0x1e0faae3fcf8fb97fd0554871b6a3e28c39c0650,29.0
0x59baf78ae8054cc839dffa3e6b1f5e0239346bbf,1.0
0x42f6d5a50091b1effe737e8211a336dbdbe89617,4.0
0x956f4332f09f35647298725da684c11c38116cf3,2.0
0x2b103ad4eb28d8100ae15ad981ddff2bb96039e6,0.0
0xb9cd1d59ecdd183e2ac1c8fbafe183a077557e41,1.0
0x519a606dd0141d5b3ba98d17828d62ec3caa044b,0.0
0xe692f1ffedf5a3fb962f68f74733fc0d9d35079a,8.0
0x8266157fc211480074f9e1416053dfd2a2a887e0,0.0
0xd6d35304b0d2a1a432afa436ce815303a239d4c2,0.0
0x80adb0aa4c0f5501cd48868aee2b4a9582b7b861,0.0
0xb054fe720407e9aee642788247a9bf34f24709f1,0.0
0x62f50a5ec4848c7583ffecc7b37682e8b0ccf642,0.0
0x9dde9ad77c606fea6eb28094beb5828763018d64,0.0
0x99060be78fe4b37e184466150e133fcfb7d725d1,4.0
0xdf0085988ac4d45e0b5786fe8b5a711bb5dad373,0.0
0x30d75c4ada3d1c1528c43886a3a9e39fe018f7b0,0.0
0x2b328bfa62b868af0e509acc0fdf99fb0e2d46e6,0.0
0xe4a10b8c17e37e31f1979e86d2d648990f0b042b,0.0
0x4da35e8769b380a79c849d07ec3b2b615c4ffff4,0.0
0x1f3799ac22adba0ae34da99102c0c6c56ee1b981,0.0
0x2db2f1c3e7c718a5423085882d94fc750eb7961e,1.0
0xb8968202d325f5dc87e961e148d1f6bfe7641ed5,0.0
0x6c85f8d472ccc061ecac1273d1c2a0faa4ef71ad,0.0
0x0ec66e112a0a1bbba840815df1e5ecaf84a2f8fe,0.0
0x66ea65c2fd7d25ab5f90bfda88bbb6c2fe9f0e39,31.0
0x9c0acbbdb41a6d92c24662d7a0e3c93b10aa4ca4,1.0
0xcbf4fc7bb2bf2feaf9eeb135074a219fa6506a53,8.0
0x6276d6a8cb8b10888718f300ba673dd0f9267ff5,0.0
0x46c9b124af0b5b546efbc9a21f75688b10637576,6.0
0x4cc90165bfd7d2a814aaca3bf6fdefd080cf4772,0.0
0xdaf8b06e2f3d5699e066e6e3248f4830430be330,98.0
0x3c26b056e1af77ec0d8e5baae550b0c59230c930,0.0
0x4a3e0cbee3d66b3dcba07bacb083a6c5ad6a1eaf,0.0
0x0a08ded756426727c860a9529e2c2194f7b37c8b,1.0
0x783b9e1c33ce81cdcb2080d2f4329d1a05e68f5a,0.0
0x28a0462365713efb7f6cd2b419904e2267f61169,2.0
0xcba243d7f5bb9fa4a8f67f32c5e90b28c07801a0,0.0
0x35c6d7d860e910dea7ea27ceb8dae91eaad4867d,0.0
0xbbaba9e6e680776d9d07ee634b55c7c6938c79ae,29.0
0x62c0650fefd06fc9702dc215b14388bc10106bf4,0.0
0xf6711d74c76d05aa245c0fd1ff5afa3fc2f6d4f3,0.0
0x1292305905f40894b7814e2c4b660473ad76445e,1.0
0xe520d226f91c11bf53e087e8333fee801b50f5f9,18.0
0x77c32fb8f08c2ef90c250b2f1286bbbc7490ddef,0.0
0x012eb1680668234efa791d87a9ecc5427e2375d1,0.0
0x41c771547e0584362d201a0985ccf7c681353d3c,3.0
0x3eed6645c72e5a9c10e4b3deea172305d8857d89,0.0
0xdb3c7f7fe817fdbc1729b08ce05d62942e53a0a6,0.0
0xd35e27743739be4ec9039cb3e90c2c1fb5a3f809,35.0
0x50ae95ed11dc454fc5129edb0884aba0af871242,6.0
0xe2eb4a5be967d16828cc45b022ede76a6464367e,0.0
0x20902ead383789baa4bbb6b77a04a5e29fdd0332,99.0
0x84b046326d5f9361d28e43423e1e8bc22f47500e,0.0
0x3bba08a1957aec25e6bb064828fc3e501546cc51,0.0
0x346136131c75326a7659378f9d47ea0a8f21403d,0.0
0x6a4a26064744266b8e4ea3d30de7b4f5d8234496,86.0
0x76cd3f1a08f6733b20f781f68be8276241b58afd,0.0
0x2ff754a57f3d09c35f54533accb97e732099d421,0.0
0x08f5c49751216c535585c216587b4ddfec1ace50,0.0
0xd30554fb0a4351604a4fb093997012094ddedf99,1.0
0xcb40681eee5c58fade7b19280b98cf1f2e0f2c01,1.0
0x9da688813cd2d58320dc3503dad049492e72f5fa,0.0
0x063debbed53a6955628a63bca849f8c700d8de41,26.0
0x1c996de0f21300d57b63d6416ff59197281c3a51,0.0
0xe94eec2473d2c94f88da7f873d14b362f8243418,0.0
0x9fe670ccd3a7a9f8152c1b090f8097f6fa1e5e03,96.0
0x88bd4c4ae4fe81368a78fae69ed4bcc12e0c278a,0.0
0xbbe0209235c613432b9aedd2e59e3c778d12f671,0.0
0x696168ed4ca204ea181094a208dce0b1236395c5,0.0
0x56c246b01fbd17695a8579e8b3f0e4f7a1e9ccfc,40.0
0x07ef0d75c2a7a7ebc2ee8d449efd8542abd53a8c,0.0
0x93dcc94b6ab158ede860a940fafc2f7649e96065,0.0
0x54c375c481f95ba43e2cecd6ef30631f55518f57,100.0
0xc07d324212a230b45d131a613b49f1db56d04db8,0.0
0x4757d7469c941bc36d2eebbfab2c363ee193c3ce,3.0
0x993f795748bafcf1935d78abe9bebd62916c4319,14.0
0x0fb2b832ad28824fdabb400bf9162c04613cfc84,0.0
0x1ca82d7ef580d639f60111c0caf3f434cb0e4604,0.0
0x7e0dc3c1bb55d017264178a897c8a03fc1c4353e,0.0
0x9e30854eaa07270fb7ab43cf926bb28208a87f6c,0.0
0xcc5bc3c27e60267405f36ef718a2e16512039a79,0.0
0x3e994110e8bd1966125944af4d536a56a9281442,0.0
0x95da58cb3a1b96d54d85cc7776ef995cfda12b37,6.0
0x0bbd975686c9560f5c50b68357a3cd9e7d1d04e6,9.0
0x7ef327d40f0edde1fd19a90f3efb6848c6bf1dc9,0.0
0x28ca2d4bd040d6409d1b380e642587a71dabd71e,0.0
0x6ba259fa9ff1ac96d8af74f005a28c798f2c4e4d,0.0
0x8ccddecedbe770aa418cfe014c254a0cf40d5605,0.0
0x240461696d8eb9435c936bc9a902c736a0f258c9,0.0
0xb350536658b93788ba32e2b3eeacfe5f1b0f0283,2.0
0x49b3726d136ae08cf390ac53813fea50d8990722,0.0
0xf23305f4ab411547862d551a07c9b5c48c20a84e,85.0
0xa6919757f3231645b1f1c0980563805d40ee6dff,0.0
0x151ace06fc30b0ac9d0ba79c6d610df86569d22d,0.0
0xffb7a5f5a0fe46a785321f27f2ef35059212bc61,0.0
0x0a969aab99119e7b9b00fb58f61f4070f673d5a4,1.0
0xd1f2647f88cb3f07cfd8ac9eb3bdfce9bd0a8be8,0.0
0x39a465800485a9886b423a60b2f743be3ef24fad,0.0
0x1495ab95a778ea893557e20dfdf9f4705e8a5738,0.0
0x2d740373f5ecdbdecde08e37470c9b30837094c3,0.0
0x5e2cb33af78c69d4a35e7948455e2c2c09d76d2e,0.0
0x0b9d65cc2060995bfba3134cc9231bcd14cdb48a,97.0
0x8a44e65288dc50c6bf8931e1e8216b5fb77f01eb,5.0
0x9bcfb307bea39d2bd0de90c39d5578b3a3d7177a,0.0
0xca3abb947bd16ed82313bd022a933e51e1a60539,0.0
0xc7d24d8edf0e8e266d9e6517da9d9cdbc245dace,0.0
0xe9b7fc8200565845059fe4e878fa16294b1fe693,0.0
0xe99ac8b0b0805abf8e9f56f019a5a514d3fb4161,2.0
0x4bff1bdf9e3e9a6e16d69b6a4864c2c9d40f651e,0.0
0x8a62f7e23d9f9874317617c44eb1b403476c592a,0.0
0x5177ab47601032c13bb549cae3fc862a7a160dae,0.0
0x1ae342fe7969cfbc35cfe136ab12431b9c9b7400,0.0
0x45f25dfe875036348c91bc4156ce19217ee16325,0.0
0x7dc9a0de5a643bf28e99b15f00e131317e885194,29.0
0xf579a3ba6b650449c30682aa5bc1a5e800840a6e,1.0
0xa056395ec8dacfd0fe97760556fc017e0e238c2b,2.0
0x7d75848cef143b7223c13acb741581983c51af3d,0.0
0x5caec831d5eda9d319f5a31674bf9747d848d91e,0.0
0x7687b4363ef375efea7fc4d09dee49904f43b3fa,0.0
0x1a1076784cc264622a3ea432418a99a56c38615e,0.0
0xfc721c7ae6003c19c4b3d8d8b02003e50f912ecb,0.0
0x5d261ecb63e16c2b62998e65b498eda3c7597602,0.0
0xfc89ef98d11b243c5f4a1951d60890e6d4674471,0.0
0x836ed6abc1f2b43dbcbe4ba215c68d2068eb70a6,2.0
0x98612092507c44dfa5c7d703b5eb35d6fcfb1cba,0.0
0xbfb875d476c64f937a64c56f8aa02aab30ccd13d,0.0
0xd77d54d73f5a82b4109d3a9d245f90b865bf3566,0.0
0x8a1fc345452e881c13889d64c99b5cf6f682560f,2.0
0x8a9a8a32cbd6c0d9f1258a53faac329747c89f4e,1.0
0xb04e6891e584f2884ad2ee90b6545ba44f843c4a,100.0
0xb08a1b3471da86b7e4fe0ee7ababbe1c211e92c7,1.0
0x7a934342d1f908ccc9f1b8149c70cea9ae8cbc09,0.0
0x899e371e5c5565f586fc0abd86ea8c00428d9588,0.0
0x1310c6d912f1d316d186a4a0c72731d3d646600c,0.0
0x567ccc7dfe4b46a446bc6874d7acdcec61c3b633,0.0
0x49ee385eb74eca0251fa2f1cdf3019f626f08cfe,0.0
0x2ef2bd4805d98456dfabb46907a11470a43e6455,0.0
0x057198c42c312ffc1dba31fbe08ff0243b0aa7d0,0.0
0x31d2f57949687be7617ac50a129372497f20ebae,0.0
0x6632de6deed62b5505fe767c3be2cf51aa88390c,0.0
0x523b8e593b10583e837d4c36a7fff613fddf77de,1.0
0xf5bee1fb6453e4495d67fd5cc49b673e9016ade5,0.0
0xc6131d687715a19fde5fc4aab32501c8163154f8,0.0
0xe51c9df2aefb73bf8be8aecaf471ba36aa959f6f,1.0
0xe422584d00b23fc3ddd45d7c0a91a4910961ca1c,0.0
0x9112e39c311664a452235986cae8d5ad98012d6a,0.0
0x74bc960beb9e6b973b330d6abf60605afc162ea6,0.0
0xc80896e80731060dca1b2847a31d3f5e6b788e1a,0.0
0x9137d978306307ffb7fccff8c03faec82c89038f,3.0
0x3fa3355052bfebcb465cc7a723cc6615b35b3b24,36.0
0xbe4eac0335e87827aa65a84cfb9a51548d79ae6c,14.0
0xc9dbfa057e0b933acde9f0c222c01729f283184d,9.0
0x10b70a0e99dfc8f2e06f79794020165b25003e86,0.0
0x215dab81f3f9965b8d56506de9abc2c4f884eb78,0.0
0x6516a221ae621e7732e5dbcaab8e97cf1c50fe74,0.0
0xfbf83788cca8f063a2b43f400af4a144cb5e270d,0.0
0x8ee62e0ae850070da25ca84f82fb0f373f766c77,0.0
0x33516bc84caa14d8a537b01ef459e1593ce153be,29.0
0xeda7be87139ae8ba99f67297ab665b661c8a6355,6.0
0x43fc6fb235d0e798e10034c2cf55ab329b4bca8e,0.0
0xd9fb3114ecdeb5a1741388429fb94c7679b4e4ac,0.0
0x20bd91665237202e0bbee1dc788df5d7e6de1b85,0.0
0xc13c88a018a4bc6ee7b4e7849fabafd86976392a,4.0
0xc5f3c1a0e033751346fb19713799188921b83dfd,1.0
0x9af906c01f75154dd3402dfa441c7a4251c3201f,61.0
0x5c5e9ad95a1014199ef5afc71194afdd589f006d,0.0
0x1de535b2d4e7b558d9c14ef6b8079e309e7446e8,0.0
0xdfeef4a58683105b55ee3170e6c4c7c2e8c921ed,0.0
0x4f929e80feb3a0952b379effbab208b9525347ec,85.0
0xccd2ba475dde0de0463b3595d4d5873006bda5dd,0.0
0x62ea067ed426592766b8621e1d727f43b6e0e62e,0.0
0x702d745f4881610f31deabd010434b896c241099,0.0
0x69d71aec7095026cb053ef40094431917351d5d4,12.0
0x44e904cd4e69a23b22c6400d766f278fe20bbe12,24.0
0x3234bc15fc8f2a7b3d3c365ed66febcb80ccfcd8,0.0
0xef91e857b2f957e6495f5010fba8c3e67c3e65e8,52.0
0xc6c5821d15cd50f23b16286d8919821bf4ad5b37,0.0
0xd60e17647aec18fdb08fdf3713a7b53019d18729,0.0
0xe7a84ca03240aa4ee69e58708057f2b3a25f5c78,0.0
0x84bc5e975da6cf8f3d5c22b5a13f70fa623fe879,13.0
0x36e4be554e8c9e05b53f8d3f9a79d478639da19c,93.0
0xfbe913623abd4c997f038230f8198c62dc07021d,4.0
0xc7dd2a845689c1e118406f77975689e8d0f80789,0.0
0x9cc27abe4ae09a28da1b300259cfbe3378f54e6f,0.0
0xe9a6930112d0de66a0a55ee31175b8b9b5ed8ee3,0.0
0xbb5e700406304b1924c84566ae3dec72c5d525ea,0.0
0xcaea5f0b8b16825258b56cfcfdc48610b5f72cbb,0.0
0xa38c14f2fd8f310b897e8c55278ff5fdd1ed2e3b,1.0
0xeb4a4c45c113335d8580cb0344dfd7d81494a5e3,1.0
0x473d8d77a393ae68b7b1c4978a1cf021d102d0ba,0.0
0x285878ca70e2f8e5568bc38e5cc9066706c7465c,77.0
0xf4cc349c5abeb740b22b5ccbecd97e8320072b35,0.0
0xf377098f776a71e68e6237a698c6e9e1bd4ecd05,0.0
0x1f1fd6029cb4ff4f6e82866c69d75c632529b8b9,64.0
0xb5429ce54fceea2937a17f4f8dee480f10e21cc3,1.0
0x31c1a8444534733c21c96d668b32c0b6d0812aae,55.0
0x72ec61d36d04db8d6dba99cdacaf89d18c155bd8,0.0
0x0bf92d0f309765219a3fd4e6b92c9e5fdc4da965,0.0
0x16c0e5009e990bf6fe2aca7457908d865e60b4a8,0.0
0x672a4027dea0de7a2de711876ee26ab47a4d29ed,3.0
0x8ab76cc6e2ae3e5961a3890b91bbbf81bdde5175,2.0
0xc3cba79c125c1ae50070dd3c7af13b4d025b8272,0.0
0x40c6a98ddd337833e957790c6c2fe504e520b3f6,0.0
0x0f0b24a16542fbfcefd558b4671c82bc92064bfe,1.0
0x1e207c109fd0ea687f7df5d31f4820906c278a46,0.0
0xe5797a6591f41bea83a697a5cfac682aabdd51b3,4.0
0xe5e475fd2fdcc98b1d81748e0aba2b1faa1e351b,0.0
0x426006904582f279e6214eef67ff10f6f1bf634f,0.0
0x94d27d601775ff0db45122be89d5512a62699094,17.0
0xbb93aaea3f2dafef280e7e11082a62f677b0a3b6,1.0
0x974fdbc4ff3ae73ceeba5b4c85521f2638ee54e5,7.0
0x97333ee197072d9ee035ca5ac193065de5a1a2ff,0.0
0xf83d06a8c835160c9b24a038ec7fd7a625d0bf59,16.0
0x4e8eb23479bc2aaa4c331109164528df21f23c7d,0.0
0x4b2a43ec2cd5d45f0b837efa2c933ddf0bf8106e,0.0
0x73b4abd99243f403180693063df43eb4b759d782,1.0
0xc5638d6e70b5807c809b75795d23108b2a94b762,1.0
0x1013dfbc339eab92e33cc1e3dff818b3ec93975b,0.0
0x8a6d7f7f95df0c607560fa497bd1886e9c092ce2,42.0
0x3e46291facf78282fe9b50bfe1428dfdae487ef9,3.0
0x46f3cc6a1c00a5cd8864d2b92f128196cae07d15,10.0
0x3ad8f83ac72149535b906c480d4daebf31b25b3a,7.0
0x7d967fb0fbc2b2d0eb936d520129fa6352275a1a,0.0
0x5beb35bddb47c99bf45f62b01ae0294be9d1cdd6,3.0
0xf8b82919e8ec939c59223ec7b505ea37bbcea8f7,0.0
0x96babe8595ed944b01499200b7cfd230f8db3558,0.0
0xecee0fd842ba7f171d5fdc58cc581b8fb8585b50,0.0
0x17d4dac6081d305209c693b702f9a8cf0e4df151,0.0
0xb20ee3d368222fe083a7596f45f4638348e6cbf8,0.0
0xb04e6891e584f2884ad2ee90b6545ba44f843c4a,100.0
0xa2d0362e9a9a1088da1a8d858cc03660dbe4a26a,1.0
0x0e0e34094e42f47fe25da3cc1b441faf15f8551a,100.0
0xab8be8f2e9db2a11461dc0cf3394fe216f50d9b9,0.0
0x8c576b896329c44d2dad9b3db16bd797d61f67c1,1.0
0x206c3aff8698fd123938882bd77b3555d89fc58c,0.0
